SET search_path TO excellent_reads;

INSERT INTO PENGGUNA VALUES
    ('irham_123','irham123@basdat.com','UMJDfQ3H','Irham','Ahmad','2021-01-20 00:00:00','Jakarta','Indonesia'),
    ('upi_luthfiah','luthfiah_upi@basdat.com','6PYUVmXh','Luthfiah','Prasetya','2021-01-22 00:00:00','Bekasi','Indonesia'),
    ('handisa','handiSatria@basdat.com','jU6v9TxZ','Handi','Satria','2021-02-01 00:00:00','Depok','Indonesia'),
    ('tereliye_1','tereliye@basdat.com','NR8kX5D4','Darwis','Tereliye','2021-02-10 00:00:00','Depok','Indonesia'),
    ('tsana_sedu','tsana_allya@basdat.com','ADHif7da','Nadhifa ','Allya','2021-02-15 00:00:00','Jakarta','Indonesia'),
    ('heedoya','na_heedo@basdat.com','fa09jHAd','Naa','Heedo','2021-02-20 00:00:00','Daegu','Korea_Selatan'),
    ('yijin123','baek_yijin@basdat.com','wJXjD4uY','Baek','Yijin','2021-02-18 00:00:00','New York','Amerika_Serikat'),
    ('cosnol_k','cosnol_sinnol@basdat.com','uaEQGZ9x','Khusnul','Halimah','2021-02-26 00:00:00','Gorontalo','Indonesia'),
    ('karkar','karkar_ina@basdat.com','5fMDjFNg','Karina','Annisa','2021-03-05 00:00:00','Papua','Indonesia'),
    ('piejoy','piejoy_kh@basdat.com','snQtu5dg','Faizah','Aninda','2021-03-11 00:00:00','Jambi','Indonesia'),
    ('efrinze','efrin_zahra@basdat.com','vaz8cHnL','Sefrina','Hasanah','2021-03-16 00:00:00','Aceh','Indonesia'),
    ('andrea_h','andrea_hir@basdat.com','LF4Ws8X6','Andrea','Hirata','2021-04-02 00:00:00','Bangka_belitung','Indonesia'),
    ('trinity','trinity@basdat.com','wtJm4kDr','Ade','Perucha','2021-04-19 00:00:00','Makassar','Indonesia'),
    ('izzati_sri','sriIzzati@basdat.com','qShgJKLS','Sri','Izzati','2021-04-20 00:00:00','Jakarta','Indonesia');
	
INSERT INTO PENULIS VALUES
    ('tereliye_1','https://www.facebook.com/tereliyewriter/','Tere Liye lahir pada 21 Mei 1979, ia merupakan anak dari seorang petani biasa yang tumbuh dewasa di pedalaman Sumatera. Nama asli Tere Liye adalah Darwis. Tere Liye hanya nama pene yang diberikan di setiap karyanya. Tere Liye adalah anak keenam dari tujuh bersaudara. Kehidupan masa kecil yang dilalui Tere Liye penuh dengan kesederhanaan yang membuatnya tetap sederhana hingga kini. Sosok Tere Liye terlihat tidak banyak gaya dan tetap rendah hati dalam menjalani kehidupannya.   Tere Liye menempuh pendidikan dasar di SD Negeri 2 Kikim Timur, Sumatera Selatan. Kemudian ia melanjutkan pendidikan ke SMP Negeri 2 Kikim, Sumatera Selatan. Setelah itu, pendidikan menengah atasnya di SMAN 9 Bandar Lampung. Setelah lulus SMA, ia melanjutkan pendidikan tingginya di Universitas Indonesia dan berkuliah di Fakultas Ekonomi.'),
    ('tsana_sedu',NULL,'Nadlifa Allya Tsana atau lebih akrab disapa Tsana, Paus atau Rintik Sedu adalah seorang penulis, dan penyiar podcast. Lahir pada 4 Mei 1998 di Jakarta Tsana memulai karirnya dengan menulis novel. Tsana tergolong penulis muda yang sukses. Salah satu karya yang paling fenomenal adalah novel ‘Kata’. Novel yang bergenre kisah cinta remaja sudah difilmkan dan akan segera tayang di bioskop.'),
    ('andrea_h','http://www.andrea-hirata.com/','Andrea Hirata Seman Said Harun lahir di pulau Belitung pada tanggal 24 Oktober 1982. Ia dikenal sebagai seorang penulis novel yang karyanya diangkat ke layar lebar teater musikal. Andrea Hirata adalah lulusan S1 Ekonomi Universitas Indonesia. Setelah menyelesaikan studi S1 di UI, pria yang kini masih bekerja di kantor pusat PT Telkom ini mendapat beasiswa Uni Eropa untuk studi Master of Science di Université de Paris, Sorbonne, Perancis dan Sheffield Hallam University, United Kingdom. Tesis Andrea di bidang ekonomi telekomunikasi mendapat penghargaan dari kedua universitas tersebut dan ia lulus cumlaude. Tesis itu telah diadaptasi ke dalam Bahasa Indonesia dan merupakan buku teori ekonomi telekomunikasi pertama yang ditulis oleh orang Indonesia. Buku itu telah beredar sebagai referensi Ilmiah.'),
    ('trinity',NULL,'Trinity (memiliki nama asli Ade Perucha Hutagaol; lahir 11 Januari 1973) adalah seorang wisatawan dan penulis yang sudah menulis 15 buku berwisata terlaris di Indonesia, termasuk serial The Naked Traveler yang sudah mencapai seri kedelapan yang merupakan seri terakhir dari serial The Naked Traveler. Bukunya telah diadaptasi menjadi film Trinity, The Nekad Traveler yang tayang di bioskop mulai 16 Maret 2017 dan diperankan oleh Maudy Ayunda.'),
    ('izzati_sri','https://theladybug.tumblr.com/','Nama lengkap teman kita ini Sri Izzati Setyo Soekarsono, tapi biasa dipanggil Izzati. Dia dilahirkan di Bandung, 18 April 1995 dari pasangan Hetty dan Setyo Soekarsono. Izzati anak bungsu dari tiga bersaudara, kakaknya ada dua: Dyah Larasati dan Nur Amalina yang lebih tua sembilan dan delapan tahun. Sekarang Izzati bersekolah di SD Istiqamah, kelas VB.Hobi Izzati adalah membaca, menulis cerita, menggambar, bermain piano, bermain SIMS, dan bermain bersama teman-teman. Selain bersekolah, dia juga mengikuti les piano dan bahasa Prancis, juga mengaji.Karya-karyanya yang sudah diterbitkan antara lain Powerful Girls (2003, Akselerasi), Kado untuk Ummi (2004, Mizan Anak), Let`s Bake Cookies (2004, Mizan Anak), tiga artikel di koran Pikiran Rakyat: "Jumpa Kak Seto" (rubrik Percil), "Antre Dong Seperti di Singapura" (catatan perjalanan, Minggu 22 Februari 2004), "Sang Atlet Lompat Tinggi" (rubrik Mari Mengarang asuhan Wilson Nadeak, Minggu 2 April 2004), kemudian cerpen "Bintang" di majalah Aku Anak Soleh.');
	
INSERT INTO PENGHARGAAN_PENULIS VALUES
    ('tereliye_1','Islamic Book Award 2017 sebagai buku Islami terbaik Fiksi Dewasa'),
    ('tereliye_1','Islamic Book Fair (IBF) ke 16'),
    ('tereliye_1','Writer of TheYear'),
    ('tereliye_1','IKAPI Award 2016'),
    ('izzati_sri','Rekor MURI'),
    ('izzati_sri','Penghargaan kategori Inspiring Young Writer 2013'),
    ('trinity','Best Book 2008'),
    ('trinity','12 Most Influential Indonesian Woman on Twitter 2010'),
    ('trinity','Heroine for Indonesian Tourism 2011'),
    ('andrea_h','Gelar kehormatan Doktor Honoris Causa di bidang sastra dari Universitas Warwick, Inggris'),
    ('andrea_h','Pemenang Pertama Buchaward 2013'),
    ('andrea_h','Pemenang Pertama New York Book 2013');
	
INSERT INTO UNDANGAN VALUES
    ('upi_luthfiah',1,'2021-05-12 11:57:00','2021-05-12 12:57:00',NULL,'irham_123'),
    ('upi_luthfiah',2,'2021-05-13 21:00:00','2021-05-13 22:00:00',NULL,'cosnol_k'),
    ('cosnol_k',1,'2021-05-20 08:00:54',NULL,'2021-05-22 10:00:54','andrea_h'),
    ('trinity',1,'2021-06-01 13:00:00','2021-06-01 15:00:00',NULL,'andrea_h'),
    ('cosnol_k',2,'2021-06-04 12:00:00','2021-06-04 14:00:00',NULL,'karkar'),
    ('karkar',1,'2021-06-07 22:08:10',NULL,'2021-06-07 23:10:10','efrinze'),
    ('upi_luthfiah',3,'2021-06-10 09:50:45','2021-06-11 10:22:24',NULL,'trinity'),
    ('efrinze',1,'2021-06-11 11:20:25',NULL,'2021-06-11 13:12:25','trinity');
	
INSERT INTO PESAN VALUES
    (1,'irham_123','Kar, kamu udah baca buku laskar pelangi karangan Andrea Hirata belum? Coba baca deh! Aku udah baca bukunya tiga kali sampai nangis terus setiap baca T_T','04:21:13','2022-04-03 00:00:00','Kar, kamu harus baca buku ini!',NULL,'karkar',NULL),
    (2,'karkar','IHHH AKU JUGA LAGI BACA BUKU ITU!! Aku baru baca sampai chapter 2 sih. Kamu jangan spoiler yaa!','09:09:11','2022-04-03 00:00:00',NULL,1,'irham_123','irham_123'),
    (3,'irham_123','Hahahah iyaa kamu lanjut dulu aja bacanya. Btw, kamu ada rekomendasi buku fiksi gak Kar?','09:11:36','2022-04-03 00:00:00',NULL,2,'karkar','karkar'),
    (4,'handisa','Haloo. Kenalin, aku Handi. Aku liat koleksi buku anak yang ada di daftar baca kamu itu sangat informatif.','12:30:01','2022-04-03 00:00:00','Koleksi Buku yang Menarik!',NULL,'trinity',NULL),
    (5,'trinity','Hai Handi. Terima kasih ya!','18:00:34','2022-04-03 00:00:00',NULL,4,'handisa','handisa'),
    (6,'karkar','Aku ada rekomendasi nih, namanya Harry Potter and The Goblet of Fire','21:22:23','2022-04-03 00:00:00',NULL,3,'irham_123','irham_123'),
    (7,'handisa','Oh iya. Aku mau tanya cara buat daftar baca di ExcellentReads itu gimana ya?','07:15:57','2022-04-04 00:00:00',NULL,5,'trinity','trinity'),
    (8,'heedoya','UPIII. Minggu depan kamu ikut rapat klub buku Fasilkom gak?','10:14:16','2022-04-06 00:00:00','Rapat Klub Buku Fasilkom',NULL,'upi_luthfiah',NULL),
    (9,'andrea_h','Sri, besok temenin aku ke Toko Buku Panda yuuk. Aku mau beli buku terbarunya tere liye','11:11:00','2022-04-06 00:00:00','Besok ke Toko Buku Yuk?',NULL,'izzati_sri',NULL),
    (10,'upi_luthfiah','Aku ikut kok, tapi kayaknya gak bisa lama-lama deh soalnya aku ada kegiatan baca bareng juga di Pusgiwa','12:53:14','2022-04-06 00:00:00',NULL,8,'heedoya','heedoya'),
    (11,'izzati_sri','Eh ayuuk. Aku juga mau cari cari novel baru sekalian cari alat tulis soalnya kan minggu depan udah kuliah offline hehe','17:57:45','2022-04-06 00:00:00',NULL,9,'andrea_h','andrea_h'),
    (12,'piejoy','Hey! Have you read this book called Rumah Tanpa Jendela? I recommend you to read it because the story is soooo captivating!','09:15:24','2020-04-07 00:00:00','Recommended Book for You!',NULL,'tsana_sedu',NULL); 
	
INSERT INTO BUKU VALUES
    (9786239726256,'SagaraS','Wajah kusut Ali terlihat lelah. Rambutnya berantakan. Kaos seragam klub basket sekolah yang dia kenakan kotor. Entah sudah berapa hari dia tidak ganti baju-apalagi mandi, dia lupa. Juga makan, entah kapan terakhir kali dia makan dengan baik. Kapsul perak ILY mengambang di dekatnya, berkedip-kedip. Ali mengabaikannya, matanya yang menyipit, berusaha menatap layar besar di depannya. Sesekali kepalanya nyaris terjatuh di atas meja, segera diangkat lagi. Dia menahan kantuknya habis-habisan selama 48 jam terakhir. Hanya menatap layar kosong. Berjam-jam berlalu, larut malam kembali datang, Ali masih menatap layar besar kosong itu. Dia sedang menunggu sesuatu yang sangat penting. Satu bulan lalu, dia berhasil menemukan peti tersisa dari kejadian tenggelamnya sebuah kapal di tengah laut luas saat badai besar berkecamuk.',1,'PT Sabak Grip Nusantara',384,'Bahasa_Indonesia'),
    (9786022916628,'Laskar Pelangi','Bangunan itu nyaris rubuh. Dindingnya miring bersangga sebalok kayu. Atapnya bocor di mana-mana. Tetapi, berpasang-pasang mata mungil menatap penuh harap. Hendak ke mana lagikah mereka harus bersekolah selain tempat itu? Tak peduli seberat apa pun kondisi sekolah itu, sepuluh anak dari keluarga miskin itu tetap bergeming. Di dada mereka, telah menggumpal tekad untuk maju',2,'PT Bentang Pustaka',529,'Bahasa_Indonesia'),
    (9786020627519,'Earth','My Name is Raib. I’m 15 years old, a tenth-grader. I have two cats: Whitey and Blacky. My parents are nice. My teachers are great. My friends are kind and solid. I’m an ordinary girl just like you, and I like most teenagers do, except for one thing. There’s something that I kept myself ever since i was a kid. Something amazing. My Name is Raib, and I can dissapear.',2,'PT Gramedia Pustaka Utama',368,'Bahasa_Inggris'),
    (9789797809638,'Geez & Ann #1','Untuk peri kecilku, Ann, dari kecil, aku susah sekali bicara banyak. Namun, sejak bertemu denganmu, aku ingin bisa banyak berkata-kata, khususnya saat bersamamu. Aku tahu, aku jenis orang yang sedikit rumit. Namun, percayalah Ann, aku berusaha sekeras mungkin untuk bisa membuatmu memahamiku, walaupun aku tahu itu sulit. Berat sekali rasanya harus meninggalkanmu ke Berlin. Harus membiarkanmu sendirian dengan banyak pertanyaan. Kamu bisa sabar, kan? Tunggu ya, Geez akan pulang untuk Ann.',2,'Gagas Media',264,'Bahasa_Indonesia'),
    (9789797809645,'Geez & Ann #2','Sebulan lebih aku sudah berada di Berlin. Mencari, mencari, dan mencari. Sampai akhirnya, aku menemukan sebuah jawaban yang terpaksa aku terima. Bukan jawaban terbaik, tetapi aku harus bisa menghargai itu. Berlin, aku titip dewa kejutanku, ya. Sembunyikan saja senjamu kalau dia nakal, pasti dia langsung jadi anak baik lagi. Berlin, aku juga titip rasa sayang ini untuknya. Seperti permintaannya, perasaan untuknya tidak akan lagi aku bawa pulang. Aku pamit, Ann.',1,'Gagas Media',260,'Bahasa_Indonesia'),
    (9789797809584,'Geez & Ann #3','Geez kembali dari Berlin dengan kondisi baik dan siap untuk melanjutkan ceritanya dengan Ann. Semua yang Geez kira akan mudah dan indah, ternyata berbeda dengan Ann yang sudah mulai belajar merapikan hidupnya dan memulai cerita baru tanpa Geez sampai ketika Geez kembali hendak menjemput dan membawanya ke Berlin. Semua berubah, hati kecil Ann tetap ingin di Jogja karena mimpi dan cita-citanya ada di sana. Begitu pula dengan Geez yang tak bisa meninggalkan Berlin karena semua rencananya sudah tersusun rapi di sana. Mereka berdua dihadapkan dua pilihan antara cinta dan cita-cita.',1,'Gagas Media',232,'Bahasa_Indonesia'),
    (9786028864954,'The Naked Traveler: Across The Indonesian Archipelago',NULL,NULL,'PT Bentang Pustaka',204,'Bahasa_Inggris'),
    (9786024261214,'The Naked Traveler: 1 Year Round-The-World Trip (Part 1)',NULL,NULL,'PT Bentang Pustaka',232,'Bahasa_Indonesia'),
    (9786024261221,'The Naked Traveler: 1 Year Round-The-World Trip (Part 2)','“It''s not that hard!” kata Trinity, travel writer terlaris di Indonesia, yang berhasil memenuhi rasa penasarannya berjalan-jalan hingga mencapai 150.000 km, dan berkunjung ke 22 negara di dunia! Dalam satu tahun, menginap di berbagai hostel dan naik bus dengan bermacam kondisi, dipaksa cepat beradaptasi dengan bahasa yang asing di telinga, dan mengatur menu makan sehemat mungkin, tentu bukan perkara yang mudah. Nyatanya, dengan persiapan matang dan tekad yang kuat, semua itu bisa diatasi. Dan, bukan Trinity namanya kalau tak berhasil mengubah situasi sulit jadi penuh gelak tawa.',2,'PT Bentang Pustaka',248,'Bahasa_Indonesia'),
    (9789797520496,'Kecil-Kecil Punya Karya: Let''s Bake Cookies','Aku punya teman, Amie namanya. Amie punya toko kue. Setiap hari, ia selalu membawa berbagai jenis kue ke sekolah. Ia membagikan kue itu padaku, Lizabeth, Lynn, dan Stevan pada jam istirahat. Kalau main ke rumahnya, aku diajari cara membuat kue. Aku senang sekali. Kue yang pernah Amie bawa ke sekolah di antaranya; fudge nougats, chocodiles, pinwheel butterflies, butternut balls, caramel crisp, apple cake. Aku dan teman-teman senang sekali makan kue itu.',NULL,'Dar Mizan',100,'Bahasa_Indonesia'),
    (9786024200121,'Kecil-Kecil Punya Karya: 2 Of Me',NULL,NULL,'Dar Mizan',108,'Bahasa_Indonesia'),
    (9786028997904,'Rindu','Wahai laut yang temaram, apalah arti memiliki? Ketika diri kami sendiri bukanlah milik kami. Wahai laut yang lengang, apalah arti kehilangan? Ketika kami sebenarnya menemukan saat kehilangan, dan sebaliknya, kehilangan banyak pula saat menemukan. Wahai laut yang sunyi, apalah arti cinta? Ketika kami menangis terluka atas perasaan yang seharusnya indah? Bagaimana mungkin, kami tertunduk patah hati atas sesuatu yang seharusnya suci dan tidak menuntut apa pun? Wahai laut yang gelap, bukankah banyak kerinduan saat kami hendak melupakan? Dan tidak terbilang keinginan melupakan saat kami dlam rindu hingga rindu dan melupakan jaraknya setipis benang saja',2,'PT Sabak Grip Nusantara',544,'Bahasa_Indonesia');
	
INSERT INTO GENRE VALUES
    ('1', 'Petualangan'),
    ('2', 'Fantasi'),
    ('3', 'Fiksi Ilmiah'),
    ('4', 'Sejarah'),
    ('5', 'Humor'),
    ('6', 'Horor'),
    ('7', 'Romansa'),
    ('8', 'Anak-anak');
	
INSERT INTO MEMPUNYAI_GENRE VALUES
    ('9786239726256', '1'),
    ('9786239726256', '2'),
    ('9786239726256', '3'),
    ('9786022916628', '7'),
    ('9786020627519', '1'),
    ('9786020627519', '2'),
    ('9789797809638', '7'),
    ('9789797809645', '7'),
    ('9789797809584', '7'),
    ('9786028864954', '1'),
    ('9786024261214', '1'),
    ('9786024261221', '1'),
    ('9789797520496', '8'),
    ('9786024200121', '8'),
    ('9786028997904', '7');
	
INSERT INTO PENGHARGAAN_BUKU VALUES
    ('9786022916628', 'Pemenang pertama New York Book Festival 2013 kategori General Fiction'),
    ('9786022916628', 'Peringkat pertama Buchawards 2013'),
    ('9786022916628', 'Novel terfavorit tahun 2014 sastrawan Timur Tengah'),
    ('9786028997904', 'Islamic Book Award 2015');
	
INSERT INTO MENYUKAI_GENRE VALUES
    ('irham_123', '1'),
    ('irham_123', '7'),
    ('upi_luthfiah', '1'),
    ('upi_luthfiah', '2'),
    ('upi_luthfiah', '3'),
    ('upi_luthfiah', '7'),
    ('handisa', '5'),
    ('handisa', '6'),
    ('tereliye_1', '1'),
    ('tereliye_1', '2'),
    ('tereliye_1', '3'),
    ('tereliye_1', '7'),
    ('tsana_sedu', '7'),
    ('heedoya', '2'),
    ('yijin123', '5'),
    ('cosnol_k', '1'),
    ('karkar', '2'),
    ('karkar', '7'),
    ('piejoy', '1'),
    ('efrinze', '8'),
    ('andrea_h', '1'),
    ('andrea_h', '7'),
    ('trinity', '1'),
    ('izzati_sri', '8');
	
INSERT INTO DAFTAR_BACA VALUES
    ('irham_123', 'Daftar Baca Novel'),
    ('upi_luthfiah', 'Daftar Baca Novel Tereliye'),
    ('handisa', 'Daftar Baca Santai'),
    ('upi_luthfiah', 'Daftar Baca Novel Andrea Hirata'),
    ('cosnol_k', 'Daftar Baca Sebelum Tidur'),
    ('cosnol_k', 'Daftar Baca Santai'),
    ('karkar', 'Daftar Baca Fiksi'),
    ('piejoy', 'Daftar Baca Fiksi'),
    ('trinity', 'Daftar Baca Buku Anak'),
    ('efrinze', 'Daftar Baca Motivasi'),
    ('izzati_sri', 'Daftar Baca Romance');
	
INSERT INTO MEMILIKI_BUKU VALUES
    ('Daftar Baca Novel', 'irham_123', '9786239726256'),
    ('Daftar Baca Novel', 'irham_123', '9786022916628'),
    ('Daftar Baca Novel', 'irham_123', '9786020627519'),
    ('Daftar Baca Novel Tereliye', 'upi_luthfiah', '9786239726256'),
    ('Daftar Baca Novel Tereliye', 'upi_luthfiah', '9786020627519'),
    ('Daftar Baca Novel Tereliye', 'upi_luthfiah', '9786028997904'),
    ('Daftar Baca Santai', 'handisa', '9786020627519'),
    ('Daftar Baca Novel Andrea Hirata', 'upi_luthfiah', '9786022916628'),
    ('Daftar Baca Sebelum Tidur', 'cosnol_k', '9789797809638'),
    ('Daftar Baca Sebelum Tidur', 'cosnol_k', '9789797809645'),
    ('Daftar Baca Sebelum Tidur', 'cosnol_k', '9789797809584'),
    ('Daftar Baca Santai', 'cosnol_k', '9786028864954'),
    ('Daftar Baca Santai', 'cosnol_k', '9786024261214'),
    ('Daftar Baca Santai', 'cosnol_k', '9786024261221'),
    ('Daftar Baca Fiksi', 'karkar', '9786020627519'),
    ('Daftar Baca Fiksi', 'karkar', '9789797809638'),
    ('Daftar Baca Fiksi', 'piejoy', '9786239726256'),
    ('Daftar Baca Fiksi', 'piejoy', '9786022916628'),
    ('Daftar Baca Fiksi', 'piejoy', '9786020627519'),
    ('Daftar Baca Buku Anak', 'trinity', '9789797520496'),
    ('Daftar Baca Buku Anak', 'trinity', '9786024200121'),
    ('Daftar Baca Motivasi', 'efrinze', '9786028997904'),
    ('Daftar Baca Romance', 'izzati_sri', '9789797809638');
	
INSERT INTO MEMBERI_RATING VALUES
    ('irham_123', '9786239726256', '4'),
    ('irham_123', '9786022916628', '5'),
    ('upi_luthfiah', '9786022916628', '5'),
    ('upi_luthfiah', '9786020627519', '4'),
    ('upi_luthfiah', '9789797809638', '3'),
    ('handisa', '9786028997904', '5'),
    ('cosnol_k', '9789797809638', '4'),
    ('karkar', '9786028997904', '4'),
    ('piejoy', '9789797809638', '3'),
    ('efrinze', '9786239726256', '4');
	
INSERT INTO MENULIS_BUKU VALUES
    ('tereliye_1', '9786239726256'),
    ('tereliye_1', '9786028997904'),
    ('tereliye_1', '9786020627519'),
    ('andrea_h', '9786022916628'),
    ('tsana_sedu', '9789797809638'),
    ('tsana_sedu', '9789797809645'),
    ('tsana_sedu', '9789797809584'),
    ('trinity', '9786028864954'),
    ('trinity', '9786024261214'),
    ('trinity', '9786024261221'),
    ('izzati_sri', '9789797520496'),
    ('izzati_sri', '9786024200121');
	
INSERT INTO ULASAN VALUES
    (9786028997904,1,'irham_123','Kisah Perjalanan Penuh Rindu dan Padat Makna','Sayang sekali, saya awalnya juga terkecoh dengan judul buku satu ini. Kisah yang disajikan melalui buku setebal 500 halaman lebih ini lebih dalam daripada itu semua. Sebuah kisah yang akan membekas di hati dan ingatan para pembaca. Berlatarkan tempat di sebuah Kapal Blitar Holland yang sedang menuju Tanah Suci. Kisah ini bercerita tentang sebuah perjalanan haji mengarungi samudera luas dan singgah di berbagai pelabuhan pada zaman sebelum Indonesia merasakan nikmatnya kemerdekaan. Saat itu, Indonesia masih bernama Hindia Belanda. Hanya segelintir orang-orang tertentu saja yang mampu melaksanakan ibadah haji di Tanah Suci. Itupun memerlukan waktu berbulan-bulan terapung di samudera tanpa tepi.','2021-06-14 00:00:00'),
    (9786028997904,2,'upi_luthfiah','Perjalanan yang Disertai Pertanyaan pada Cerita Pilu Masa Lalu','Novel Rindu karangan Tere Liye ini menceritakan tentang perjalanan panjang sebuah kerinduan, yaitu sebuah kapal besar yang melakukan perjalanan haji selama 9 bulan. Pada tanggal 1 Desember 1938 pertama kalinya dalam sejarah kota Makassar disinggahi oleh sebuah kapal yang sangat besar pada zamannya. Ya, Blitar Holland namanya yang tertulis di awak kapal, dengan panjang 136 meter dan lebar 16 meter. Sebuah kisah perjalanan rasa rindu yang banyak menimbun beban dalam hati. Mulai dari Daeng Andipati pengusaha muda Makassar yang berencana memulai perjalanan panjang bersama istri dan dua anaknya, Elsa dan Anna. Lalu ada Gurutta (Ahmad Karaeng), mereka begitu berbahagia (kelihatannya) tapi dalam perjalanan panjang terkuak pertanyaan-pertanyaan. Namun tidak dengan Ambo Uleng, mantan pelaut yang menjadi kelasi di kapal Blitar Holland, terlihat diam dan tak banyak bicara. Ambo Uleng melakukan perjalanan ini bukan untuk ke suatu tujuan, namun untuk pergi menghilang dari kota asalnya meninggaalkan masa lalu yang menyesakkan.','2021-07-01 00:00:00'),
    (9786028997904,3,'cosnol_k','Review Novel Rindu','Novel ini ber-setting tahun 1938, zaman ketika Indonesia belum merdeka. Sebuah kapal Blitar Holland, mulai perjalanan dari pelabuhan Makassar menuju Mekkah, membawa rombongan jamaah haji. Jaman dulu, perjalanan pulang pergi haji membutuhkan waktu berbulan-bulan. Novel ini genre-nya sejarah. Saya suka banget membaca novel ini, setidaknya saya jadi tahu bagaimana perjuangan jaman dulu ketika orang -orang berangkat haji. Tere Liye memang juara dalam mengemas cerita di novel-novelnya, meskipun setebal 544 halaman, namun tidak terasa bacanya, saking seru menikmati ceritanya. Membaca buku ini benar-benar bisa menguras air mata, misalnya ketika Mbah Putri meninggal padahal belum sampai Mekkah, dan pada akhirnya Mbah Kakung juga meninggal setelah melakasanakan ibadah haji. Cinta mereka begitu indah, kisah yang romantis, hingga tak terpisahkan, bahkan jasad mereka di laut yang sama tempatnya (karena perjalanan di kapal, mereka berada dilautan luas yang jauh dari daratan, maka jasad orang yang meninggalkan tidak bisa dikuburkan di tanah, melainkan dilepaskan di laut). Untuk lebih lengkapnya, silahkan baca buku Rindu, selamat menikmati dan menyelami setiap karakter yang ada dalam buku ini.','2021-07-04 00:00:00'),
    (9786020627519,1,'karkar','Pengalaman Membaca "Earth"','Tere Liye, selaku penulis novel Earth amatlah cerdas dalam menjabarkan peristiwa satu ke peristiwa lainnya secara bertahap. Hal itu tentunya memudahkan pembacanya dalam memahami alur cerita pada setiap konflik yang dibuat di novel ini. Selain itu, novel Earth sangat menarik untuk dibaca oleh berbagai kalangan sebab ada banyak moral value yang dapat diambil dari setiap peristiwa dan konflik yang ada, mulai dari pesan yang tersurat maupun tersirat. Novel ini bergenrekan fantasi ini membuat cerita di dalam novel ini sangat imajinatif sehingga pembacanya juga memerlukan daya khayal yang luas dan tinggi. Akan tetapi, sang penulis, yakni Tere Liye telah merepresentasikan setiap kejadiannya secara terperinci, jadi para pembaca termasuk kita tidak merasa kebingungan apabila daya khayal kita tidak sampai pada cerita tersebut. Lalu, novel ini mengusung tema petualangan antara tiga sahabat sehingga sangat memberikan pesan pada pembaca arti dari persahabatan, kemudian kejadian demi kejadian juga tidak mudah diperkirakan sehingga kita sebagai pembaca diharuskan fokus dan tidak boleh lompat halaman meski hanya selembar. Seperti yang sudah dijelaskan sebelumnya, novel ini cocok untuk dibaca dan dimiliki oleh berbagai kalangan, khususnya remaja, sebab tema yang diangkat pun sangat relevan dengan semangat anak muda. Saat membaca novel ini pun, kita seakan terlibat ke dalam alur cerita dan permainan tokoh yang diciptakan oleh sang penulis.','2021-10-08 00:00:00'),
    (9786022916628,1,'piejoy','Pesan Pendidikan dalam Novel Laskar Pelangi','Para Laskar Pelangi menempuh pendidikan di sekolah yang ada di Belitong, dengan fasilitas sekolah yang sangat minimal, bangunan yang hampir roboh dan guru yang sedikit. Sekolah tersebut dibangun dengan keikhlasan, yang merupakan sebuah harapan terakhir bagi para pelajar. Namun, sekolah tersebut nyaris dibubarkan Depdikbud Sumatera Selatan. Kondisi sekolah tersebut sungguh memprihatinkan. Bangunannya sungguh tak layak untuk digunakan. Sang guru yang masih bertahan mengajar di sekolah tersebut, hanya dibayar menggunakan beras oleh orang tua murid. Kepala sekolah dan guru sekolah tersebut, berusaha membuat perubahan untuk sekolah dan para murid yang ada, sehingga para murid memiliki semangat belajar yang tinggi, serta memiliki cita-cita yang tinggi. Karena banyaknya perubahan yang dilakukan oleh murid, maka kepalas sekolah dan guru tersebut memberikan julukan Laskar Pelangi, kepada para murid yang bersekolah. Banyak pelajaran yang dapat diambil dalam novel Laskar Pelangi. Kita harus semangat dalam menempuh pendidikan dan mencari ilmu, agar segala yang dicita-citakan berhasil digapai, seperti kesuksesan yang diraih para Laskar Pelangi.','2021-06-19 00:00:00'),
    (9786022916628,2,'handisa','Review Novel Laskar Pelangi','Novel Laskar Pelangi mengisahkan tentang 11 anak yang berasal dari keluarga miskin, yang selalu berjuang dalam menempuh pendidikannya di sekolah sederhana, yang ada di Belitong. Novel ini bisa dibaca semua umur, mulai dari anak-anak hingga dewasa, dan bisa dijadikan sebagai motivasi untuk para pelajar. Novel Laskar Pelangi dikemas dengan alur cerita yang jelas dari awal hingga akhir. Penokohan yang digambarkan dalam novel pun tersampaikan dengan jelas. Sehingga para pembaca novel ini, berhasil menjiwai dan meresapi setiap cerita dan alur yang dikemas dalam novel ini.','2021-08-01 00:00:00'),
    (9786239726256,1,'karkar','Hal-Hal Menarik dalam Buku SagaraS','Cover-nya keren. Saya suka warna biru muda-nya. Dan warna baru diantara warna-warna cover yang sudah terbit sebelumnya. Petualangan di buku SAGARAS, super seru! Meskipun awalnya menjengkelkan. Bagaimana tidak? Biasanya dalam petualangan apa pun geng Raib, Seli dan Ali, kalau mau berpetualang itu adalah Ali yang paling heboh, atau paling antusias, eh di buku ini si genius malah diem-diem bae nyiapin semuanya sendiri dan pergi sendiri ke tempat paling berbahaya di dunia. Beruntung ada Master B, yang langsung jemput Raib dan Seli ke sekolah. Di buku ini juga dijelaskan konsep dunia pararel. Buku sagaras ini memang sangat menarik sekali dan banyak plot twist, saat mengetahui Ksatria 2 dan Ksatria 1, keren. Silakan temukan jawabannya dengan membaca buku Sagaras. Selamat menikmati petualangan Ali bertemu dengan kedua orang tuanya! Sungguh harga yang sangat mahal, tapi sepadan karena Ali pantas tahu dan pantas mendapatkannya.','2022-03-10 00:00:00'),
    (9789797809638,1,'cosnol_k','Kenapa harus baca "Geez & Ann #1"?','Buku ini bercerita tentang kisah-kasih dua orang manusia yang berawal dari sebuah pertemuan mereka dalam pensi di SMP. Memiliki perbedaan karakter yang ciamik, sosok Geez yang kalau dilihat dari kacamataku ini, bisa dibilang unik dan misterius. Berbeda dengan Ann, dia cenderung ke arah suka menyendiri dan menurut Ann sendiri dia aneh. Berlanjut kisah saat Geez akan berkuliah ke luar negeri dan harus meninggalkan Ann. Di sana mulai muncul beberapa konflik, seru abis. Terus berarti Ann ditinggalkan oleh Geez? Atau gimana nih? Menurutku sih endingnya berbeda dengan novel-novel yang aku baca sebelumnya. Ceritanya dibawakan dengan santai tapi asyik dan seru gitu. Romantisnya ada dan dramanya juga dapet banget. Bahasanya juga enak banget sih buat dibaca pas santai. ','2021-07-25 00:00:00'),
    (9786024261214,1,'cosnol_k','Keseruan Membaca Series The Naked Traveler','Baca buku Mba Traveler yang satu ini memang selalu seru. Dari buku pertama hingga buku kedua dalam seri The Naked Traveler 1-Year-Aroud-The-World-Trip, satu hal yang pasti: bikin jadi pengen banget traveling.  Beberapa tahun lalu, seingat saya buku traveling itu susah banget ditemukan, baru setelah kemunculan buku nya mba Trinity maka menjamurlah buku-buku traveling, meskipun dalam sajian dan cerita yang berbeda, tapi bukunya Mba Trinity ini terus saya baca dan beli  sebagai bentuk dukungan, kalau bukunya laris kan mba Trinity makin banyak traveling.  Salutnya lagi traveling round the world bareng sahabatnya tanpa sponsor, saya setuju dengan yang dikatakan mba Trinity, bahwa traveling itu sebagai bentuk investasi.  Sebagai penggemar buku bertemakan traveling, maka buku ini recommended banget, apalagi kalau Anda punya plan untuk keliling dunia, ada baik nya baca buku ini.','2021-08-04 00:00:00'),
    (9786024261214,2,'irham_123','Akhirnya Saya Memutuskan Membaca Buku Trinity','The Naked Traveler Round The Wrold atau disingkat dengan hashtag #TNTrtw parti 1 adalah buku ke-5 dari Trinity. Sebagai kolektor buku-buku beliau, buku yang satu ini (dan pasangannya) wajib dimiliki. Perjalanan Trinity pada buku #TNTrtw #1 ini fokus ke beberapa negara di Eropa dan Amerika Selatan. Dalam buku ini juga dituliskan alasan mengapa Trinity melakukan RTW dan juga beberapa persiapannya. List-nya lengkap sampai printilan-printilannya. Dan perjalanan Trinity diawali dengan..... mencret di udara. Hahaha...kebayang banget ribet dan mulasnya. Selalu ada cerita unik dari tiap negara yang dikunjungi Trinity. Itulah keistimewaan dari buku-buku Trinity. Kemampuannya bercerita sungguh membuat pembaca ikut merasakan kesenangannya sekaligus membuat jadi kepengen juga.','2021-09-04 00:00:00'),
    (9786024261214,3,'karkar','Penyesalan yang Saya Alami Setelah Membaca Buku Ini','Bukan Trinity namanya kalau tidak punya cerita apes bin ajaib selama perjalanan. Saat perjalanannya baru dimulai saja, dia sempat sakit di udara. Namun, The Naked Traveler: 1 Year Round-The-World-Trip ini menuturkan pengalaman lain yang membuka pikiran. Pengalamannya berlanjut dengan menangis di kamp konsentrasi Nazi di Auschwitz, menginap di penjara tua di Ljulbljana, menemukan surga dunianya di Rio de Janeiro (nanti kamu akan tahu kenapa), mendaki kota Inca yang hilang di Machu Picchu, memancing ikan piranha di Sungai Amazon, hingga berenang bersama ratusan singa laut di Galapagos! Segala keseruan ini tidak akan terwujud tanpa adanya perencanaan yang matang. Banyak persiapan mendasar seperti pemilihan isi ransel, bahan makanan, akomodasi, mengurus transportasi, sampai urus visa ke sana kemari. Dan, berbekal tekad “gimana di sanalah ntar”, Trinity mantap melangkahkan kakinya dan bertualang mengitari bumi. Seri buku yang bisa menjadi jendela awal untuk pembaca yang  terlambat mengenal karya-karya Trinity. Buku The Naked Traveler 1 Year Round-The-World Trip (Part 1) dan The Naked Traveler 1 Year Round-The-World Trip (Part 2) ini akan menimbulkan rasa iri dan rasa bersalah, “Kenapa saya tidak membaca buku-buku Trinity ini sejak dulu???” Cara bercerita yang sederhana, berharga, dan menghibur tentang perjalanan keliling dunia dalam setahun penuh. Tulisannya dibuat supaya pembaca ingin membaca lebih banyak, menunggu pengalaman seperti apa yang dia temui. Dia juga memisahkan fokus bab buku, yang bagus karena kita tidak akan bingung tentang hal-hal yang terjadi. Misalnya, ketika dia mengunjungi Brasil dia memisahkan pandangannya tentang orang-orangnya dan tempat-tempat yang dia kunjungi. Kedua buku ini memberi arti sebenarnya dari pepatah "Buku adalah jendela dunia."','2021-09-27 00:00:00');

INSERT INTO MENYUKAI_ULASAN VALUES
    ('9786028997904', '1', 'handisa'),
    ('9786028997904', '1', 'karkar'),
    ('9786028997904', '1', 'cosnol_k'),
    ('9786028997904', '2', 'cosnol_k'),
    ('9786028997904', '2', 'efrinze'),
    ('9786022916628', '1', 'irham_123'),
    ('9786022916628', '1', 'upi_luthfiah'),
    ('9786022916628', '1', 'piejoy'),
    ('9786022916628', '1', 'efrinze'),
    ('9786024261214', '1', 'heedoya');

INSERT INTO KOMENTAR_ULASAN VALUES
    (9786028997904,1,1,'Pertamax!','2022-03-10 00:00:00',0,'yijin123'),
    (9786022916628,1,1,'Selalu nangis setiap baca novel ini ):','2022-03-14 00:00:00',8,'irham_123'),
    (9789797809638,1,1,'Ceritanya mirip dengan novel Dilan','2022-03-16 00:00:00',2,'karkar'),
    (9786028997904,1,2,'Hahahaha saya juga terkecoh bung dengan judul buku nya','2022-03-16 00:00:00',1,'efrinze'),
    (9786024261214,2,1,'Emang ini buku seru banget. Jadi berasa traveling bareng sama penulisnya hahah','2022-03-18 00:00:00',3,'andrea_h'),
    (9786022916628,1,2,'Like kalau kamu baca novel ini di tahun 2022!','2022-03-29 00:00:00',7,'handisa'),
    (9786028997904,1,3,'Salah satu buku terbaik yang pernah saya baca!','2022-04-01 00:00:00',4,'izzati_sri'),
    (9786028997904,1,4,'Terima kasih atas review nya, Bung','2022-04-01 00:00:00',1,'heedoya'),
    (9786024261214,3,1,'Setuju banget! Telat banget aku baru tau buku ini 2 bulan yang lalu','2022-04-04 00:00:00',0,'piejoy'),
    (9786024261214,3,2,'Harga buku ini berapa ya kak?','2022-04-06 00:00:00',0,'trinity'),
    (9786024261214,3,3,'Fix liburan nanti mau marathon baca series novel ini!','2022-04-08 00:00:00',2,'tereliye_1'),
    (9789797809638,1,2,'Buku ini mengingatkanku dengan mantan pertama ku. Farel, semoga kamu baik baik saja disana ya','2022-04-08 00:00:00',5,'upi_luthfiah');

INSERT INTO LIKE_KOMENTAR_ULASAN VALUES
    ('9786022916628', '1', '1', 'upi_luthfiah'),
    ('9786022916628', '1', '1', 'tsana_sedu'),
    ('9786022916628', '1', '1', 'cosnol_k'),
    ('9786022916628', '1', '1', 'karkar'),
    ('9786022916628', '1', '1', 'piejoy'),
    ('9786022916628', '1', '1', 'efrinze'),
    ('9786022916628', '1', '1', 'trinity'),
    ('9786022916628', '1', '1', 'handisa'),
    ('9789797809638', '1', '1', 'yijin123'),
    ('9789797809638', '1', '1', 'efrinze'),
    ('9786028997904', '1', '2', 'heedoya'),
    ('9786024261214', '2', '1', 'irham_123'),
    ('9786024261214', '2', '1', 'upi_luthfiah'),
    ('9786024261214', '2', '1', 'handisa'),
    ('9786022916628', '1', '2', 'irham_123'),
    ('9786022916628', '1', '2', 'tereliye_1'),
    ('9786022916628', '1', '2', 'tsana_sedu'),
    ('9786022916628', '1', '2', 'izzati_sri'),
    ('9786022916628', '1', '2', 'karkar'),
    ('9786022916628', '1', '2', 'heedoya'),
    ('9786022916628', '1', '2', 'andrea_h'),
    ('9786028997904', '1', '3', 'cosnol_k'),
    ('9786028997904', '1', '3', 'piejoy'),
    ('9786028997904', '1', '3', 'handisa'),
    ('9786028997904', '1', '3', 'tereliye_1'),
    ('9786028997904', '1', '4', 'yijin123'),
    ('9786024261214', '3', '3', 'upi_luthfiah'),
    ('9786024261214', '3', '3', 'efrinze'),
    ('9789797809638', '1', '2', 'irham_123'),
    ('9789797809638', '1', '2', 'izzati_sri'),
    ('9789797809638', '1', '2', 'handisa'),
    ('9789797809638', '1', '2', 'karkar'),
    ('9789797809638', '1', '2', 'andrea_h');

INSERT INTO GRUP VALUES
    (1,'SMAN 39 Book Clubs','Grup ini berisikan anggota dari komunitas pecinta buku SMAN 39 Jakarta. Kegiatan baca bersama diadakan 2x sebulan setiap Rabu Minggu ke 2 dan 4. Untuk bergabung, mohon hubungi LINE: irham.123','irham_123'),
    (2,'Klub Baca Panda','Klub pecinta buku Fasilkom UI. Est 2022. Viva viva viva Fasilkom!','upi_luthfiah'),
    (3,'365Reads','We read 24 hours a day, 365 days a year. Let''s join our group to share our reading experience. For more info, follow our insta @365readsjakarta','karkar'),
    (4,'Friendzone','Klub penggemar buku novel romansa. Siapa saja yang pernah merasakan patah hati setelah membaca suatu novel boleh langsung join. Yuk kita saling berbagi pengalaman di klub Friendzone.','andrea_h'),
    (5,'Pecinta Buku ID','Basis pecinta buku Indonesia. Berminat untuk join grup? Hubungi @handihandi untuk mendapatkan info selanjutnya','handisa');

INSERT INTO ANGGOTA_GRUP VALUES
    ('1', 'irham_123'),
    ('1', 'karkar'),
    ('1', 'tsana_sedu'),
    ('2', 'upi_luthfiah'),
    ('2', 'handisa'),
    ('2', 'tsana_sedu'),
    ('2', 'heedoya'),
    ('2', 'efrinze'),
    ('2', 'irham_123'),
    ('2', 'yijin123'),
    ('2', 'cosnol_k'),
    ('3', 'karkar'),
    ('3', 'cosnol_k'),
    ('3', 'piejoy'),
    ('3', 'heedoya'),
    ('4', 'andrea_h'),
    ('4', 'tereliye_1'),
    ('4', 'trinity'),
    ('4', 'izzati_sri'),
    ('5', 'handisa'),
    ('5', 'izzati_sri'),
    ('5', 'efrinze'),
    ('5', 'upi_luthfiah'),
    ('5', 'yijin123');

INSERT INTO POST VALUES
    (1,'Kegiatan Baca Minggu Ini Ditiadakan','Berhubungan dengan berlangsungnya UTS, maka kegiatan baca rutin SMAN 39 Book Clubs ditiadakan pada minggu ini. Kegiatan akan diteruskan pada Rabu minggu ke 4 April. Terima kasih',1,'irham_123'),
    (2,'We''re looking for a Moderator!','Open Recruitment! Dicari moderator grup yang dapat memoderasi jalannya seluruh kegiatan 365Reads. Untuk yang berminat boleh langsung menghubungi karkar',3,'cosnol_k'),
    (3,'Lihat Review Terbaruku!','Halo teman-teman. Apabila ada waktu, boleh lihat reviewku tentang buku Laskar Pelangi yaaa. Apabila teman-teman menyukainya, boleh minta like dan comment nya. Terima kasihhh.',5,'upi_luthfiah'),
    (4,'Welcome Abroad!','Selamat datang anggota baru Klub Baca Panda dari angkatan CSUI2022! Mohon segera registrasi ulang dengan mengakses web kami',2,'upi_luthfiah'),
    (5,'HARI KARTINI IS COMING','Sehubungan dengan hari kartini yang akan datang sebentar lagi, maka klub Friendzone akan mengadakan Review novel "Kartini" bersama pada Kamis, 21 April 2022',4,'trinity'),
    (6,'Selamat Hari Buku se-Dunia!','Halo Fasilkomers, kami dari pengurus Klub Baca Panda ingin mengucapkan selamat hari buku se-dunia! Bagi teman-teman yang ingin berkontribusi untuk menyumbangkan buku bacaannya, dapat mengumpulkannya di Ruang BEM hingga tanggal 30 April 2022',3,'tsana_sedu'),
    (7,'April Member of The Month!','Selamat kepada yijin yang telah menjadi member terbaik Pecinta Buku ID pada bulan April. Kontribusi yijin dalam me-review buku dan keaktifannya di dalam klub ini membuat pengurus grup ingin berterima kasih sebesar-besarnya kepada yijin.',5,'handisa');
